section,category,entity,sub_entity,attribute,description,impact,DI_INFA_To_PySpark_DocAnalyse.json_ref,DI_INFA_To_PySpark_Doc&Analyse.json_ref
summary,overall_score,workflow,,,77,
summary,semantic_similarity,workflow,,,85,
summary,structural_similarity,workflow,,,25,
summary,governance_quality,workflow,,,70,
summary,migration_readiness,workflow,,,Requires comprehensive migration,
scoring,semantic_similarity,workflow,,,High semantic preservation across all agents,
scoring,structural_similarity,workflow,,,Major breaking reorganization with container restructuring,
scoring,governance_quality,workflow,,,Loss of expectedOutput constraints reduces validation enforceability,
scoring,overall,workflow,,,Balanced by high correctness and semantic preservation,
deduction,executive_summary,workflow,,,AAVA 2.0 introduces breaking structural changes while preserving core agent semantics,High migration effort required,,
deduction,executive_summary,workflow,,,Complete workflow container restructuring from flat to nested hierarchy,Breaking changes for dependent systems,,
deduction,executive_summary,workflow,,,Agent semantic roles preserved with enhanced naming conventions,Low semantic risk,,
deduction,executive_summary,workflow,,,Removal of expectedOutput specifications weakens governance controls,Reduced validation enforceability,,
deduction,structural_analysis,workflow,,workflowId,Workflow identifier moved from root to nested workFlowDetail container,Breaking path change,workflowId,workFlowDetail.id
deduction,structural_analysis,workflow,,workflowName,Workflow name moved from root to nested workFlowDetail container,Breaking path change,workflowName,workFlowDetail.name
deduction,structural_analysis,workflow,,container,Root nodes container renamed to workflowAgents,Requires orchestration updates,nodes,workflowAgents
deduction,structural_analysis,workflow,,hierarchy,Flat structure converted to nested hierarchy with workFlowDetail wrapper,Major architectural change,,
deduction,schema_evolution,workflow,,id_type,Workflow ID changed from integer 148 to integer 4880,Data migration required,148,4880
deduction,schema_evolution,workflow,,name_format,Workflow name formatting changed with space addition,Minor presentation change,DI_INFA_To_PySpark_Doc&Analyse,DI INFA To PySpark Doc&Analyse
deduction,agent_renamed,agent,DI_Informatica_Documentation,,Agent renamed with space addition for improved readability,Low semantic risk,DI_Informatica_Documentation,DI Informatica Documentation
deduction,agent_renamed,agent,DI_INFA_To_PySpark_Analyzer,,Agent renamed with space addition for improved readability,Low semantic risk,DI_INFA_To_PySpark_Analyzer,DI INFA To PySpark Analyzer
deduction,agent_renamed,agent,DI_INFA_to_PySpark_Plan,,Agent renamed with space addition for improved readability,Low semantic risk,DI_INFA_to_PySpark_Plan,DI INFA to PySpark Plan
deduction,agent_drift,agent,DI_Informatica_Documentation,agentName,Agent identifier changed from agentName to name,Field rename requires mapping updates,agentName,name
deduction,agent_drift,agent,DI_Informatica_Documentation,model,Model specification moved from model to modelDeploymentName,Field restructuring,model,modelDeploymentName
deduction,agent_drift,agent,DI_Informatica_Documentation,tools,Tools specification changed from tools array to toolReferences array,Field rename with semantic preservation,tools,toolReferences
deduction,agent_drift,agent,DI_Informatica_Documentation,task,Task container structure flattened into description field,Structural simplification,task,description
deduction,field_change,agent,DI_Informatica_Documentation,agentId,New agentId field added with value 7549,New identifier field,,agentId
deduction,field_change,agent,DI_Informatica_Documentation,model,Model upgraded from gpt-4 to gpt-4.1,Potential behavior variance,gpt-4,gpt-4.1
deduction,field_change,agent,DI_INFA_To_PySpark_Analyzer,agentId,New agentId field added with value 7471,New identifier field,,agentId
deduction,field_change,agent,DI_INFA_To_PySpark_Analyzer,model,Model upgraded from gpt-4 to gpt-4.1,Potential behavior variance,gpt-4,gpt-4.1
deduction,field_change,agent,DI_INFA_to_PySpark_Plan,agentId,New agentId field added with value 7425,New identifier field,,agentId
deduction,field_change,agent,DI_INFA_to_PySpark_Plan,model,Model upgraded from gpt-4 to gpt-4.1,Potential behavior variance,gpt-4,gpt-4.1
deduction,missing_metadata,agent,DI_Informatica_Documentation,expectedOutput,Expected output specification completely removed,Loss of validation enforcement,,
deduction,missing_metadata,agent,DI_INFA_To_PySpark_Analyzer,expectedOutput,Expected output specification completely removed,Loss of validation enforcement,,
deduction,missing_metadata,agent,DI_INFA_to_PySpark_Plan,expectedOutput,Expected output specification completely removed,Loss of validation enforcement,,
deduction,missing_metadata,agent,DI_Informatica_Documentation,task.description,Task description moved to root description field,Structural flattening,task.description,description
deduction,missing_metadata,agent,DI_INFA_To_PySpark_Analyzer,task.description,Task description moved to root description field,Structural flattening,task.description,description
deduction,missing_metadata,agent,DI_INFA_to_PySpark_Plan,task.description,Task description moved to root description field,Structural flattening,task.description,description
deduction,governance_issue,workflow,,expectedOutput,Complete removal of expectedOutput specifications across all agents,Significant governance degradation,,
deduction,governance_issue,workflow,,validation,Loss of explicit output validation contracts,Reduced auditability,,
deduction,governance_issue,workflow,,constraints,Removal of structured task constraints weakens control framework,Governance quality reduction,,
deduction,governance_issue,agent,DI_Informatica_Documentation,task_structure,Loss of structured task container reduces metadata organization,Organizational degradation,,
deduction,governance_issue,agent,DI_INFA_To_PySpark_Analyzer,task_structure,Loss of structured task container reduces metadata organization,Organizational degradation,,
deduction,governance_issue,agent,DI_INFA_to_PySpark_Plan,task_structure,Loss of structured task container reduces metadata organization,Organizational degradation,,
deduction,risk,workflow,,migration,Complete structural reorganization requires coordinated migration effort,High operational risk,,
deduction,risk,workflow,,compatibility,Breaking changes in workflow container structure,Backward compatibility broken,,
deduction,risk,workflow,,orchestration,Agent orchestration logic must be updated for new structure,Integration risk,,
deduction,risk,agent,DI_Informatica_Documentation,model_change,Model upgrade from gpt-4 to gpt-4.1 may alter behavior,Execution behavior risk,gpt-4,gpt-4.1
deduction,risk,agent,DI_INFA_To_PySpark_Analyzer,model_change,Model upgrade from gpt-4 to gpt-4.1 may alter behavior,Execution behavior risk,gpt-4,gpt-4.1
deduction,risk,agent,DI_INFA_to_PySpark_Plan,model_change,Model upgrade from gpt-4 to gpt-4.1 may alter behavior,Execution behavior risk,gpt-4,gpt-4.1
deduction,risk,agent,DI_Informatica_Documentation,validation_loss,Loss of expectedOutput removes validation capability,Quality assurance risk,,
deduction,risk,agent,DI_INFA_To_PySpark_Analyzer,validation_loss,Loss of expectedOutput removes validation capability,Quality assurance risk,,
deduction,risk,agent,DI_INFA_to_PySpark_Plan,validation_loss,Loss of expectedOutput removes validation capability,Quality assurance risk,,
deduction,type_change,workflow,,id_type,Workflow ID type preserved as integer with value change,Data type consistency maintained,148,4880
deduction,type_change,workflow,,name_type,Workflow name type preserved as string with formatting change,Data type consistency maintained,,
deduction,constraint_change,agent,DI_Informatica_Documentation,tools_constraint,Tools constraint changed from empty array to empty toolReferences array,Constraint structure change,tools:[],toolReferences:[]
deduction,constraint_change,agent,DI_INFA_To_PySpark_Analyzer,tools_constraint,Tools constraint changed from empty array to empty toolReferences array,Constraint structure change,tools:[],toolReferences:[]
deduction,constraint_change,agent,DI_INFA_to_PySpark_Plan,tools_constraint,Tools constraint changed from empty array to empty toolReferences array,Constraint structure change,tools:[],toolReferences:[]
deduction,ambiguity,workflow,,structure,New nested structure may create confusion for existing integrations,Integration complexity,,
deduction,ambiguity,agent,DI_Informatica_Documentation,field_mapping,Multiple field renames may cause mapping confusion during migration,Migration complexity,,
deduction,ambiguity,agent,DI_INFA_To_PySpark_Analyzer,field_mapping,Multiple field renames may cause mapping confusion during migration,Migration complexity,,
deduction,ambiguity,agent,DI_INFA_to_PySpark_Plan,field_mapping,Multiple field renames may cause mapping confusion during migration,Migration complexity,,
deduction,general_finding,workflow,,evolution,AAVA 2.0 represents a significant architectural evolution with improved organization,Positive structural improvement,,
deduction,general_finding,workflow,,naming,Enhanced naming conventions improve readability and consistency,Positive semantic improvement,,
deduction,general_finding,workflow,,model_upgrade,Consistent model upgrades across all agents to gpt-4.1,Potential performance improvement,,
deduction,general_finding,agent,DI_Informatica_Documentation,semantic_preservation,Core agent functionality and purpose fully preserved,Low functional risk,,
deduction,general_finding,agent,DI_INFA_To_PySpark_Analyzer,semantic_preservation,Core agent functionality and purpose fully preserved,Low functional risk,,
deduction,general_finding,agent,DI_INFA_to_PySpark_Plan,semantic_preservation,Core agent functionality and purpose fully preserved,Low functional risk,,