section,category,entity,sub_entity,attribute,description,impact,DI_Azure_Synapse_To_Databricks_DeclarativeSQL_DocAnalyze.json_ref,DI_Azure_Synapse_To_Databricks_DeclarativeSQL_Doc&Analyze.json_ref
summary,overall_score,workflow,,,77,,
summary,semantic_similarity,workflow,,,85,,
summary,structural_similarity,workflow,,,25,,
summary,governance_quality,workflow,,,70,,
summary,migration_readiness,workflow,,,Requires comprehensive migration,,
scoring,semantic_similarity,workflow,,,High semantic preservation across all agents,,
scoring,structural_similarity,workflow,,,Major breaking reorganization,,
scoring,governance_quality,workflow,,,Loss of expectedOutput constraints,,
scoring,overall,workflow,,,Balanced by high correctness and semantic preservation,,
deduction,executive_summary,workflow,,,AAVA 2.0 introduces breaking structural changes while preserving core agent semantics,High migration effort required,,
deduction,structural_analysis,workflow,,workflowId,Workflow identifier moved from root to nested workFlowDetail container,Breaking path change,workflowId,workFlowDetail.id
deduction,structural_analysis,workflow,,workflowName,Workflow name moved from root to nested workFlowDetail container,Breaking path change,workflowName,workFlowDetail.name
deduction,schema_evolution,workflow,,nodes,nodes container renamed to workflowAgents,Requires orchestration updates,nodes,workflowAgents
deduction,structural_analysis,workflow,,container,Complete structural reorganization from flat to nested hierarchy,Major breaking change,,
deduction,agent_renamed,agent,DI_Synapse_Documentation,agentName,Agent name attribute preserved with identical semantic role,Low semantic risk,agentName,name
deduction,agent_renamed,agent,DI_Azure_Synapse_To_Databricks_DeclarativeSQL_Analyzer,agentName,Agent name attribute preserved with identical semantic role,Low semantic risk,agentName,name
deduction,agent_renamed,agent,DI_Azure_Synapse_To_Databricks_DeclarativeSQL_Plan,agentName,Agent name attribute preserved with identical semantic role,Low semantic risk,agentName,name
deduction,field_change,agent,DI_Synapse_Documentation,model,Model upgraded from gpt-4 to gpt-4.1,Potential behavior variance,gpt-4,gpt-4.1
deduction,field_change,agent,DI_Azure_Synapse_To_Databricks_DeclarativeSQL_Analyzer,model,Model upgraded from gpt-4 to gpt-4.1,Potential behavior variance,gpt-4,gpt-4.1
deduction,field_change,agent,DI_Azure_Synapse_To_Databricks_DeclarativeSQL_Plan,model,Model changed from anthropic.claude-4-sonnet to gpt-4.1,Significant behavior change risk,anthropic.claude-4-sonnet,gpt-4.1
deduction,agent_drift,agent,DI_Synapse_Documentation,task,Task structure flattened from nested object to description field,Reduced constraint clarity,task,description
deduction,agent_drift,agent,DI_Azure_Synapse_To_Databricks_DeclarativeSQL_Analyzer,task,Task structure flattened from nested object to description field,Reduced constraint clarity,task,description
deduction,agent_drift,agent,DI_Azure_Synapse_To_Databricks_DeclarativeSQL_Plan,task,Task structure flattened from nested object to description field,Reduced constraint clarity,task,description
deduction,missing_metadata,agent,DI_Synapse_Documentation,expectedOutput,Expected output specification removed,Loss of validation enforcement,task.expectedOutput,
deduction,missing_metadata,agent,DI_Azure_Synapse_To_Databricks_DeclarativeSQL_Analyzer,expectedOutput,Expected output specification removed,Loss of validation enforcement,task.expectedOutput,
deduction,missing_metadata,agent,DI_Azure_Synapse_To_Databricks_DeclarativeSQL_Plan,expectedOutput,Expected output specification removed,Loss of validation enforcement,task.expectedOutput,
deduction,field_change,agent,DI_Synapse_Documentation,tools,tools renamed to toolReferences,Low risk rename,tools,toolReferences
deduction,field_change,agent,DI_Azure_Synapse_To_Databricks_DeclarativeSQL_Analyzer,tools,tools renamed to toolReferences,Low risk rename,tools,toolReferences
deduction,field_change,agent,DI_Azure_Synapse_To_Databricks_DeclarativeSQL_Plan,tools,tools renamed to toolReferences,Low risk rename,tools,toolReferences
deduction,field_change,agent,DI_Synapse_Documentation,model,model renamed to modelDeploymentName,Semantic enhancement,model,modelDeploymentName
deduction,field_change,agent,DI_Azure_Synapse_To_Databricks_DeclarativeSQL_Analyzer,model,model renamed to modelDeploymentName,Semantic enhancement,model,modelDeploymentName
deduction,field_change,agent,DI_Azure_Synapse_To_Databricks_DeclarativeSQL_Plan,model,model renamed to modelDeploymentName,Semantic enhancement,model,modelDeploymentName
deduction,field_change,agent,DI_Synapse_Documentation,agentId,New agentId field added for unique identification,Improved governance,agentName,agentId
deduction,field_change,agent,DI_Azure_Synapse_To_Databricks_DeclarativeSQL_Analyzer,agentId,New agentId field added for unique identification,Improved governance,agentName,agentId
deduction,field_change,agent,DI_Azure_Synapse_To_Databricks_DeclarativeSQL_Plan,agentId,New agentId field added for unique identification,Improved governance,agentName,agentId
deduction,governance_issue,workflow,,constraints,Removal of expectedOutput weakens governance controls,Reduced auditability,,
deduction,governance_issue,workflow,,validation,Loss of explicit output validation specifications,Compliance risk,,
deduction,governance_issue,workflow,,traceability,Task structure flattening reduces execution traceability,Audit trail degradation,,
deduction,risk,agent,DI_Synapse_Documentation,model,Model version change may alter output quality and consistency,Execution behavior risk,,
deduction,risk,agent,DI_Azure_Synapse_To_Databricks_DeclarativeSQL_Analyzer,model,Model version change may alter output quality and consistency,Execution behavior risk,,
deduction,risk,agent,DI_Azure_Synapse_To_Databricks_DeclarativeSQL_Plan,model,Complete model provider change from Anthropic to OpenAI,High execution risk,,
deduction,risk,workflow,,migration,Complete structural reorganization requires coordinated migration,High operational risk,,
deduction,risk,workflow,,compatibility,Breaking changes in workflow structure affect downstream systems,Integration failure risk,,
deduction,risk,workflow,,governance,Loss of expectedOutput specifications reduces quality control,Quality assurance risk,,
deduction,structural_analysis,workflow,,hierarchy,Workflow metadata moved from flat structure to nested workFlowDetail,Breaking architectural change,,
deduction,schema_evolution,workflow,,identification,Workflow identification pattern changed from single field to nested object,API breaking change,,
deduction,semantic_analysis,agent,DI_Synapse_Documentation,description,Agent description content preserved identically,High semantic continuity,,
deduction,semantic_analysis,agent,DI_Azure_Synapse_To_Databricks_DeclarativeSQL_Analyzer,description,Agent description content preserved identically,High semantic continuity,,
deduction,semantic_analysis,agent,DI_Azure_Synapse_To_Databricks_DeclarativeSQL_Plan,description,Agent description content preserved identically,High semantic continuity,,
deduction,general_finding,workflow,,agents,All three agents successfully mapped with preserved functionality,Migration feasibility confirmed,,
deduction,general_finding,workflow,,tooling,All agents maintain empty tool references consistently,No tooling integration changes,,
deduction,ambiguity,workflow,,versioning,No explicit version metadata in either AAVA version,Versioning strategy unclear,,
deduction,type_change,workflow,,workflowId,Workflow ID changed from integer to nested object structure,Type system breaking change,7429,5707