section,category,entity,sub_entity,attribute,description,impact,DI_SSIS_to_PySpark_DocAnalyze.json_ref,DI_SSIS_to_PySpark_Doc&Analyze.json_ref
summary,overall_score,workflow,,,72,
summary,semantic_similarity,workflow,,,85,
summary,structural_similarity,workflow,,,25,
summary,governance_quality,workflow,,,65,
summary,migration_readiness,workflow,,,Requires comprehensive structural migration with governance validation,
scoring,semantic_similarity,workflow,,,High semantic preservation across all agents with consistent task descriptions,
scoring,structural_similarity,workflow,,,Major breaking reorganization from flat to nested structure,
scoring,governance_quality,workflow,,,Loss of expectedOutput constraints weakens validation enforceability,
scoring,overall,workflow,,,Balanced by semantic preservation but hindered by structural breaking changes,
deduction,executive_summary,workflow,,,AAVA 2.0 introduces major structural reorganization while preserving core agent semantics,High migration effort required
deduction,executive_summary,workflow,,,Workflow container restructuring breaks existing access patterns,Breaking change impact
deduction,executive_summary,workflow,,,All agents maintain semantic consistency despite structural changes,Low semantic risk
deduction,executive_summary,workflow,,,Complete removal of expectedOutput specifications reduces governance controls,Governance degradation
deduction,structural_analysis,workflow,,workflowId,Workflow identifier changed from 960 to 2625,Breaking identifier change,workflowId,workFlowDetail.id
deduction,structural_analysis,workflow,,workflowName,Workflow name changed from DI_SSIS_to_PySpark_Doc&Analyze to DI SSIS to PySpark Doc&Analyze,Minor naming variation,workflowName,workFlowDetail.name
deduction,structural_analysis,workflow,,container,Root-level workflow metadata moved to nested workFlowDetail container,Breaking structural change,root,workFlowDetail
deduction,schema_evolution,workflow,,nodes,nodes array renamed to workflowAgents,Requires orchestration updates,nodes,workflowAgents
deduction,schema_evolution,workflow,,structure,Flat structure converted to nested hierarchy,Major architectural change,flat,nested
deduction,agent_renamed,agent,DI_SSIS_Documentation,,Agent renamed to DI SSIS Documentation with preserved semantic role,Low semantic risk,DI_SSIS_Documentation,DI SSIS Documentation
deduction,agent_renamed,agent,DI_SSIS_to_PySpark_Analyzer,,Agent renamed to DI SSIS to PySpark Analyzer with preserved semantic role,Low semantic risk,DI_SSIS_to_PySpark_Analyzer,DI SSIS to PySpark Analyzer
deduction,agent_renamed,agent,DI_SSIS_to_PySpark_Plan,,Agent renamed to DI SSIS to PySpark Plan with preserved semantic role,Low semantic risk,DI_SSIS_to_PySpark_Plan,DI SSIS to PySpark Plan
deduction,agent_drift,agent,DI_SSIS_Documentation,agentName,agentName field renamed to name with addition of agentId,Structural field change,agentName,name
deduction,agent_drift,agent,DI_SSIS_Documentation,agentId,New agentId field added (7359) for unique identification,Enhanced identification,none,agentId
deduction,agent_drift,agent,DI_SSIS_Documentation,model,Model field renamed to modelDeploymentName,Field rename,model,modelDeploymentName
deduction,agent_drift,agent,DI_SSIS_Documentation,task,Task container structure flattened - description moved to root level,Structural simplification,task.description,description
deduction,field_change,agent,DI_SSIS_Documentation,model,Model upgraded from gpt-4 to gpt-4.1,Potential behavior variance,gpt-4,gpt-4.1
deduction,field_change,agent,DI_SSIS_Documentation,tools,tools array renamed to toolReferences,Low risk rename,tools,toolReferences
deduction,missing_metadata,agent,DI_SSIS_Documentation,expectedOutput,Expected output specification completely removed,Loss of validation enforcement,task.expectedOutput,none
deduction,agent_drift,agent,DI_SSIS_to_PySpark_Analyzer,agentName,agentName field renamed to name with addition of agentId,Structural field change,agentName,name
deduction,agent_drift,agent,DI_SSIS_to_PySpark_Analyzer,agentId,New agentId field added (7348) for unique identification,Enhanced identification,none,agentId
deduction,agent_drift,agent,DI_SSIS_to_PySpark_Analyzer,model,Model field renamed to modelDeploymentName,Field rename,model,modelDeploymentName
deduction,agent_drift,agent,DI_SSIS_to_PySpark_Analyzer,task,Task container structure flattened - description moved to root level,Structural simplification,task.description,description
deduction,field_change,agent,DI_SSIS_to_PySpark_Analyzer,model,Model upgraded from gpt-4 to gpt-4.1,Potential behavior variance,gpt-4,gpt-4.1
deduction,field_change,agent,DI_SSIS_to_PySpark_Analyzer,tools,tools array renamed to toolReferences,Low risk rename,tools,toolReferences
deduction,missing_metadata,agent,DI_SSIS_to_PySpark_Analyzer,expectedOutput,Expected output specification completely removed,Loss of validation enforcement,task.expectedOutput,none
deduction,agent_drift,agent,DI_SSIS_to_PySpark_Plan,agentName,agentName field renamed to name with addition of agentId,Structural field change,agentName,name
deduction,agent_drift,agent,DI_SSIS_to_PySpark_Plan,agentId,New agentId field added (7347) for unique identification,Enhanced identification,none,agentId
deduction,agent_drift,agent,DI_SSIS_to_PySpark_Plan,model,Model field renamed to modelDeploymentName,Field rename,model,modelDeploymentName
deduction,agent_drift,agent,DI_SSIS_to_PySpark_Plan,task,Task container structure flattened - description moved to root level,Structural simplification,task.description,description
deduction,field_change,agent,DI_SSIS_to_PySpark_Plan,model,Model upgraded from gpt-4 to gpt-4.1,Potential behavior variance,gpt-4,gpt-4.1
deduction,field_change,agent,DI_SSIS_to_PySpark_Plan,tools,tools array renamed to toolReferences,Low risk rename,tools,toolReferences
deduction,missing_metadata,agent,DI_SSIS_to_PySpark_Plan,expectedOutput,Expected output specification completely removed,Loss of validation enforcement,task.expectedOutput,none
deduction,governance_issue,workflow,,expectedOutput,Systematic removal of expectedOutput across all agents weakens validation controls,Reduced auditability and enforcement
deduction,governance_issue,workflow,,structure,Nested structure may complicate governance tooling access patterns,Governance tooling impact
deduction,governance_issue,workflow,,validation,Loss of explicit output expectations reduces automated validation capability,Validation framework impact
deduction,risk,workflow,,migration,Complete structural reorganization requires coordinated migration across all dependent systems,High operational risk
deduction,risk,workflow,,compatibility,Breaking changes to workflow identifiers and structure affect backward compatibility,Breaking change risk
deduction,risk,agent,DI_SSIS_Documentation,model,Model version upgrade may introduce behavioral differences,Execution consistency risk
deduction,risk,agent,DI_SSIS_to_PySpark_Analyzer,model,Model version upgrade may introduce behavioral differences,Execution consistency risk
deduction,risk,agent,DI_SSIS_to_PySpark_Plan,model,Model version upgrade may introduce behavioral differences,Execution consistency risk
deduction,risk,workflow,,governance,Loss of expectedOutput specifications reduces governance oversight capability,Governance compliance risk
deduction,risk,workflow,,tooling,Structural changes may break existing analytics and monitoring tools,Downstream tooling risk
deduction,general_finding,workflow,,evolution,AAVA 2.0 represents a significant architectural evolution with enhanced identification but reduced validation constraints,Mixed impact assessment
deduction,general_finding,workflow,,consistency,Agent task descriptions remain semantically identical preserving functional consistency,Positive semantic preservation
deduction,general_finding,workflow,,identification,Addition of agentId fields improves agent identification and tracking capabilities,Enhanced traceability
deduction,general_finding,workflow,,simplification,Task structure simplification may improve usability but reduces metadata richness,Trade-off consideration