section,category,entity,sub_entity,attribute,description,impact,DI_AbInitio_To_PySpark_EMR_Glue_DocAnalyze.json_ref,DI_AbInitio_To_PySpark_EMR_Glue_Doc&Analyze.json_ref
summary,overall_score,workflow,,,77,
summary,semantic_similarity,workflow,,,85,
summary,structural_similarity,workflow,,,25,
summary,governance_quality,workflow,,,70,
summary,migration_readiness,workflow,,,Requires comprehensive migration with breaking structural changes,
scoring,semantic_similarity,workflow,,,High semantic preservation across all agents with identical core functionality,
scoring,structural_similarity,workflow,,,Major breaking reorganization from flat structure to nested workFlowDetail container,
scoring,governance_quality,workflow,,,Loss of expectedOutput constraints reduces validation enforceability,
scoring,overall,workflow,,,Balanced by high correctness and semantic preservation despite structural changes,
deduction,executive_summary,workflow,,,AAVA 2.0 introduces breaking structural changes while preserving core agent semantics,High migration effort required
deduction,executive_summary,workflow,,,Workflow container reorganization requires orchestration system updates,Breaking compatibility
deduction,executive_summary,workflow,,,Agent functionality remains semantically equivalent with model upgrades,Low semantic risk
deduction,executive_summary,workflow,,,Removal of expectedOutput specifications weakens governance controls,Reduced validation capability
deduction,structural_analysis,workflow,,workflowId,Workflow identifier moved from root level to nested workFlowDetail.id,Breaking path change,workflowId,workFlowDetail.id
deduction,structural_analysis,workflow,,workflowName,Workflow name moved from root level to nested workFlowDetail.name with formatting change,Breaking path change,workflowName,workFlowDetail.name
deduction,schema_evolution,workflow,,nodes,Root-level nodes array replaced with workflowAgents container,Requires orchestration updates,nodes,workflowAgents
deduction,structural_analysis,workflow,,container,Complete workflow metadata reorganization into nested structure,Breaking architectural change,,workFlowDetail
deduction,agent_renamed,agent,DI_AbInitio_Documentation,agentName,Agent name preserved with identical semantic role,Low semantic risk,agentName,name
deduction,agent_renamed,agent,DI_AbInitio_To_PySpark_EMR_Glue_Analyzer,agentName,Agent name preserved with identical semantic role,Low semantic risk,agentName,name
deduction,agent_renamed,agent,DI_AbInitio_To_PySpark_EMR_Glue_Plan,agentName,Agent name preserved with identical semantic role,Low semantic risk,agentName,name
deduction,field_change,agent,DI_AbInitio_Documentation,agentId,New agentId field added for unique identification,Enhanced tracking capability,,agentId
deduction,field_change,agent,DI_AbInitio_To_PySpark_EMR_Glue_Analyzer,agentId,New agentId field added for unique identification,Enhanced tracking capability,,agentId
deduction,field_change,agent,DI_AbInitio_To_PySpark_EMR_Glue_Plan,agentId,New agentId field added for unique identification,Enhanced tracking capability,,agentId
deduction,agent_drift,agent,DI_AbInitio_Documentation,task,Task structure flattened into description field,Reduced constraint clarity,task,description
deduction,agent_drift,agent,DI_AbInitio_To_PySpark_EMR_Glue_Analyzer,task,Task structure flattened into description field,Reduced constraint clarity,task,description
deduction,agent_drift,agent,DI_AbInitio_To_PySpark_EMR_Glue_Plan,task,Task structure flattened into description field,Reduced constraint clarity,task,description
deduction,field_change,agent,DI_AbInitio_Documentation,model,Model field renamed to modelDeploymentName with upgrade to gpt-4.1,Potential behavior variance,model,modelDeploymentName
deduction,field_change,agent,DI_AbInitio_To_PySpark_EMR_Glue_Analyzer,model,Model field renamed to modelDeploymentName with upgrade to gpt-4.1,Potential behavior variance,model,modelDeploymentName
deduction,field_change,agent,DI_AbInitio_To_PySpark_EMR_Glue_Plan,model,Model field renamed to modelDeploymentName with upgrade to gpt-4.1,Potential behavior variance,model,modelDeploymentName
deduction,field_change,agent,DI_AbInitio_Documentation,tools,Tools field renamed to toolReferences,Low risk rename,tools,toolReferences
deduction,field_change,agent,DI_AbInitio_To_PySpark_EMR_Glue_Analyzer,tools,Tools field renamed to toolReferences,Low risk rename,tools,toolReferences
deduction,field_change,agent,DI_AbInitio_To_PySpark_EMR_Glue_Plan,tools,Tools field renamed to toolReferences,Low risk rename,tools,toolReferences
deduction,missing_metadata,agent,DI_AbInitio_Documentation,expectedOutput,Expected output specification removed from task structure,Loss of validation enforcement,task.expectedOutput,
deduction,missing_metadata,agent,DI_AbInitio_To_PySpark_EMR_Glue_Analyzer,expectedOutput,Expected output specification removed from task structure,Loss of validation enforcement,task.expectedOutput,
deduction,missing_metadata,agent,DI_AbInitio_To_PySpark_EMR_Glue_Plan,expectedOutput,Expected output specification removed from task structure,Loss of validation enforcement,task.expectedOutput,
deduction,type_change,agent,DI_AbInitio_Documentation,model,Model specification changed from anthropic.claude-4-sonnet to gpt-4.1,Model provider and version change,anthropic.claude-4-sonnet,gpt-4.1
deduction,type_change,agent,DI_AbInitio_To_PySpark_EMR_Glue_Analyzer,model,Model specification changed from anthropic.claude-4-sonnet to gpt-4.1,Model provider and version change,anthropic.claude-4-sonnet,gpt-4.1
deduction,type_change,agent,DI_AbInitio_To_PySpark_EMR_Glue_Plan,model,Model specification changed from anthropic.claude-4-sonnet to gpt-4.1,Model provider and version change,anthropic.claude-4-sonnet,gpt-4.1
deduction,governance_issue,workflow,,constraints,Removal of expectedOutput specifications weakens governance controls,Reduced auditability and validation capability,task.expectedOutput,
deduction,governance_issue,workflow,,validation,Loss of explicit output format validation reduces quality assurance,Increased risk of output inconsistency,task.expectedOutput,
deduction,governance_issue,workflow,,traceability,Flattened task structure reduces metadata traceability,Decreased observability,task,description
deduction,risk,agent,DI_AbInitio_Documentation,validation,Loss of expectedOutput specification may reduce output consistency,Quality assurance risk,task.expectedOutput,
deduction,risk,agent,DI_AbInitio_To_PySpark_EMR_Glue_Analyzer,validation,Loss of expectedOutput specification may reduce output consistency,Quality assurance risk,task.expectedOutput,
deduction,risk,agent,DI_AbInitio_To_PySpark_EMR_Glue_Plan,validation,Loss of expectedOutput specification may reduce output consistency,Quality assurance risk,task.expectedOutput,
deduction,risk,workflow,,migration,Complete structural reorganization requires coordinated migration across all dependent systems,High operational risk,,
deduction,risk,workflow,,compatibility,Breaking changes in workflow metadata structure affect backward compatibility,Integration failure risk,,
deduction,risk,agent,DI_AbInitio_Documentation,model,Model provider change from Anthropic to OpenAI may alter response characteristics,Behavioral variance risk,anthropic.claude-4-sonnet,gpt-4.1
deduction,risk,agent,DI_AbInitio_To_PySpark_EMR_Glue_Analyzer,model,Model provider change from Anthropic to OpenAI may alter response characteristics,Behavioral variance risk,anthropic.claude-4-sonnet,gpt-4.1
deduction,risk,agent,DI_AbInitio_To_PySpark_EMR_Glue_Plan,model,Model provider change from Anthropic to OpenAI may alter response characteristics,Behavioral variance risk,anthropic.claude-4-sonnet,gpt-4.1
deduction,ambiguity,workflow,,structure,Nested workFlowDetail structure introduces additional complexity without clear benefit,Increased maintenance overhead,,workFlowDetail
deduction,ambiguity,agent,DI_AbInitio_Documentation,description,Task description lacks structured validation constraints present in original task format,Reduced clarity,task,description
deduction,ambiguity,agent,DI_AbInitio_To_PySpark_EMR_Glue_Analyzer,description,Task description lacks structured validation constraints present in original task format,Reduced clarity,task,description
deduction,ambiguity,agent,DI_AbInitio_To_PySpark_EMR_Glue_Plan,description,Task description lacks structured validation constraints present in original task format,Reduced clarity,task,description
deduction,general_finding,workflow,,evolution,AAVA 2.0 represents significant architectural evolution with focus on agent identification,Modernization effort
deduction,general_finding,workflow,,consistency,All agents maintain consistent semantic functionality despite structural changes,Preserved business logic
deduction,general_finding,workflow,,standardization,Uniform field naming conventions applied across all agents,Improved consistency
deduction,general_finding,agent,DI_AbInitio_Documentation,content,Agent description content remains identical preserving functional requirements,No semantic drift
deduction,general_finding,agent,DI_AbInitio_To_PySpark_EMR_Glue_Analyzer,content,Agent description content remains identical preserving functional requirements,No semantic drift
deduction,general_finding,agent,DI_AbInitio_To_PySpark_EMR_Glue_Plan,content,Agent description content remains identical preserving functional requirements,No semantic drift