section,category,entity,sub_entity,attribute,description,impact,ABAP_To_Pyspark_Doc_Analyze.json_ref,ABAP_To_Pyspark_Doc_&_Analyze.json_ref
summary,overall_score,workflow,,,72,
summary,semantic_similarity,workflow,,,88,
summary,structural_similarity,workflow,,,45,
summary,governance_quality,workflow,,,65,
summary,migration_readiness,workflow,,,Requires comprehensive structural migration with moderate risk,
scoring,semantic_similarity,workflow,,,High semantic preservation across all agents with identical core functionality,
scoring,structural_similarity,workflow,,,Major breaking reorganization from flat structure to nested containers,
scoring,governance_quality,workflow,,,Loss of expectedOutput constraints reduces validation enforceability,
scoring,overall,workflow,,,Balanced by strong semantic preservation despite structural changes,
deduction,executive_summary,workflow,,,AAVA 2.0 introduces breaking structural changes while preserving core agent semantics,High migration effort required
deduction,executive_summary,workflow,,,Workflow container reorganization requires orchestration updates,Breaking path changes
deduction,executive_summary,workflow,,,Agent identification system completely restructured from names to IDs,Identity management overhaul
deduction,executive_summary,workflow,,,Model upgrades across all agents may introduce behavior variance,Runtime behavior risk
deduction,structural_analysis,workflow,,workflowId,Workflow identifier moved from root.workflowId to workFlowDetail.id,Breaking path change,workflowId,workFlowDetail.id
deduction,structural_analysis,workflow,,workflowName,Workflow name moved from root.workflowName to workFlowDetail.name,Breaking path change,workflowName,workFlowDetail.name
deduction,structural_analysis,workflow,,nodes,Root nodes array replaced with workflowAgents array,Container restructuring,nodes,workflowAgents
deduction,structural_analysis,workflow,,container,Flat structure replaced with nested workFlowDetail container,Architectural change
deduction,schema_evolution,workflow,,orchestration,Agent orchestration references require complete remapping,Integration complexity
deduction,schema_evolution,workflow,,validation,Workflow validation logic must be updated for new structure,Validation framework impact
deduction,agent_renamed,agent,ABAP_Documentation,,Agent name preserved but identification system changed to agentId,Identity system evolution
deduction,agent_renamed,agent,ABAP_to_PySpark_Analyzer,,Agent name preserved but identification system changed to agentId,Identity system evolution
deduction,agent_renamed,agent,ABAP_to_PySpark_Plan,,Agent name preserved but identification system changed to agentId,Identity system evolution
deduction,agent_drift,agent,ABAP_Documentation,agentName,Agent name moved from agentName to name field,Field restructuring,agentName,name
deduction,agent_drift,agent,ABAP_Documentation,model,Model upgraded from gpt-4o to gpt-4.1,Potential behavior variance,gpt-4o,gpt-4.1
deduction,agent_drift,agent,ABAP_Documentation,task,Task object structure flattened into description field,Structure simplification,task,description
deduction,agent_drift,agent,ABAP_Documentation,tools,Tools array renamed to toolReferences,Field rename,tools,toolReferences
deduction,agent_drift,agent,ABAP_to_PySpark_Analyzer,agentName,Agent name moved from agentName to name field,Field restructuring,agentName,name
deduction,agent_drift,agent,ABAP_to_PySpark_Analyzer,model,Model upgraded from gpt-4o to gpt-4.1,Potential behavior variance,gpt-4o,gpt-4.1
deduction,agent_drift,agent,ABAP_to_PySpark_Analyzer,task,Task object structure flattened into description field,Structure simplification,task,description
deduction,agent_drift,agent,ABAP_to_PySpark_Analyzer,tools,Tools array renamed to toolReferences,Field rename,tools,toolReferences
deduction,agent_drift,agent,ABAP_to_PySpark_Plan,agentName,Agent name moved from agentName to name field,Field restructuring,agentName,name
deduction,agent_drift,agent,ABAP_to_PySpark_Plan,model,Model upgraded from gpt-4o to gpt-4.1,Potential behavior variance,gpt-4o,gpt-4.1
deduction,agent_drift,agent,ABAP_to_PySpark_Plan,task,Task object structure flattened into description field,Structure simplification,task,description
deduction,agent_drift,agent,ABAP_to_PySpark_Plan,tools,Tools array renamed to toolReferences,Field rename,tools,toolReferences
deduction,field_change,agent,ABAP_Documentation,agentId,New agentId field added for unique identification,Identity enhancement,,agentId
deduction,field_change,agent,ABAP_Documentation,modelDeploymentName,Model field renamed to modelDeploymentName,Field rename,model,modelDeploymentName
deduction,field_change,agent,ABAP_to_PySpark_Analyzer,agentId,New agentId field added for unique identification,Identity enhancement,,agentId
deduction,field_change,agent,ABAP_to_PySpark_Analyzer,modelDeploymentName,Model field renamed to modelDeploymentName,Field rename,model,modelDeploymentName
deduction,field_change,agent,ABAP_to_PySpark_Plan,agentId,New agentId field added for unique identification,Identity enhancement,,agentId
deduction,field_change,agent,ABAP_to_PySpark_Plan,modelDeploymentName,Model field renamed to modelDeploymentName,Field rename,model,modelDeploymentName
deduction,missing_metadata,agent,ABAP_Documentation,expectedOutput,Expected output specification removed from task structure,Loss of validation enforcement,task.expectedOutput,
deduction,missing_metadata,agent,ABAP_to_PySpark_Analyzer,expectedOutput,Expected output specification removed from task structure,Loss of validation enforcement,task.expectedOutput,
deduction,missing_metadata,agent,ABAP_to_PySpark_Plan,expectedOutput,Expected output specification removed from task structure,Loss of validation enforcement,task.expectedOutput,
deduction,missing_metadata,agent,ABAP_Documentation,task,Task object structure completely removed,Structural simplification,task,
deduction,missing_metadata,agent,ABAP_to_PySpark_Analyzer,task,Task object structure completely removed,Structural simplification,task,
deduction,missing_metadata,agent,ABAP_to_PySpark_Plan,task,Task object structure completely removed,Structural simplification,task,
deduction,type_change,agent,ABAP_Documentation,description,Description moved from task.description to root level,Structural flattening,task.description,description
deduction,type_change,agent,ABAP_to_PySpark_Analyzer,description,Description moved from task.description to root level,Structural flattening,task.description,description
deduction,type_change,agent,ABAP_to_PySpark_Plan,description,Description moved from task.description to root level,Structural flattening,task.description,description
deduction,constraint_change,agent,ABAP_Documentation,expectedOutput,Removal of expectedOutput eliminates output validation constraints,Reduced governance,task.expectedOutput,
deduction,constraint_change,agent,ABAP_to_PySpark_Analyzer,expectedOutput,Removal of expectedOutput eliminates output validation constraints,Reduced governance,task.expectedOutput,
deduction,constraint_change,agent,ABAP_to_PySpark_Plan,expectedOutput,Removal of expectedOutput eliminates output validation constraints,Reduced governance,task.expectedOutput,
deduction,governance_issue,workflow,,validation,Removal of expectedOutput weakens governance controls across all agents,Reduced auditability
deduction,governance_issue,workflow,,traceability,Loss of structured task metadata reduces execution traceability,Monitoring impact
deduction,governance_issue,workflow,,compliance,Flattened structure may impact compliance validation workflows,Regulatory risk
deduction,ambiguity,agent,ABAP_Documentation,model_behavior,Model upgrade from gpt-4o to gpt-4.1 introduces potential response variance,Output consistency risk
deduction,ambiguity,agent,ABAP_to_PySpark_Analyzer,model_behavior,Model upgrade from gpt-4o to gpt-4.1 introduces potential response variance,Output consistency risk
deduction,ambiguity,agent,ABAP_to_PySpark_Plan,model_behavior,Model upgrade from gpt-4o to gpt-4.1 introduces potential response variance,Output consistency risk
deduction,risk,workflow,,migration,Complete structural reorganization requires coordinated migration effort,High operational risk
deduction,risk,workflow,,backward_compatibility,Breaking changes prevent seamless backward compatibility,Integration failure risk
deduction,risk,agent,ABAP_Documentation,validation,Loss of expectedOutput specification reduces output validation capability,Quality assurance risk
deduction,risk,agent,ABAP_to_PySpark_Analyzer,validation,Loss of expectedOutput specification reduces output validation capability,Quality assurance risk
deduction,risk,agent,ABAP_to_PySpark_Plan,validation,Loss of expectedOutput specification reduces output validation capability,Quality assurance risk
deduction,risk,agent,ABAP_Documentation,execution,Model upgrade may alter execution behavior and output format,Runtime consistency risk
deduction,risk,agent,ABAP_to_PySpark_Analyzer,execution,Model upgrade may alter execution behavior and output format,Runtime consistency risk
deduction,risk,agent,ABAP_to_PySpark_Plan,execution,Model upgrade may alter execution behavior and output format,Runtime consistency risk
deduction,general_finding,workflow,,evolution,AAVA 2.0 represents a significant architectural evolution with improved structure,Modernization benefit
deduction,general_finding,workflow,,consistency,Agent functionality remains semantically consistent across versions,Functional preservation
deduction,general_finding,workflow,,identification,Introduction of agentId provides better agent identification and management,Operational improvement
deduction,general_finding,agent,ABAP_Documentation,semantic_preservation,Core agent functionality and purpose fully preserved,Low functional risk
deduction,general_finding,agent,ABAP_to_PySpark_Analyzer,semantic_preservation,Core agent functionality and purpose fully preserved,Low functional risk
deduction,general_finding,agent,ABAP_to_PySpark_Plan,semantic_preservation,Core agent functionality and purpose fully preserved,Low functional risk
deduction,general_finding,workflow,,modernization,Structural improvements align with modern workflow orchestration patterns,Architecture benefit