Section,Aspect,AAVA_1.0_Score,AAVA_2.0_Score,Overall_Score,Details,Line_References
Executive Summary,Overall Assessment,85,90,87.5,"AAVA 2.0 represents a structural evolution with enhanced organization and versioning, maintaining semantic consistency while introducing architectural improvements","Lines 1-50 (both files)"
Semantic Similarity,Business Logic Preservation,95,95,95,"All three agents maintain identical core business logic and functionality descriptions. Agent purposes and workflows remain semantically equivalent","Lines 8-15, 25-32, 40-47 (AAVA 1.0) vs Lines 8-15, 25-32, 40-47 (AAVA 2.0)"
Semantic Similarity,Agent Functionality,95,95,95,"Technical Specification, Delta Model Changes, and Functional Test Cases agents preserve identical functional requirements","Task descriptions in both versions"
Semantic Similarity,Workflow Purpose,100,100,100,"DI_DataSpecs_Modelupdates_SN workflow maintains identical purpose across both versions","Line 3 (AAVA 1.0) vs Lines 2-4 (AAVA 2.0)"
Structural Similarity,Schema Organization,75,85,80,"AAVA 2.0 introduces hierarchical structure with workFlowDetail object and enhanced agent metadata organization","Lines 1-7 (both files)"
Structural Similarity,Agent Structure,70,90,80,"AAVA 2.0 separates concerns better with dedicated fields for agentId, modelDeploymentName, and toolReferences vs flat task structure in AAVA 1.0","Lines 8-50 (both files)"
Structural Similarity,Metadata Enhancement,80,95,87.5,"AAVA 2.0 introduces numeric identifiers and versioned model deployments for better tracking and governance","Lines 2, 9, 26, 41 (AAVA 2.0)"
Correctness,JSON Syntax AAVA 1.0,100,N/A,100,"Valid JSON structure with proper nesting and syntax","Entire file"
Correctness,JSON Syntax AAVA 2.0,N/A,100,100,"Valid JSON structure with proper nesting and syntax","Entire file"
Correctness,Internal Consistency AAVA 1.0,95,N/A,95,"Consistent field naming and structure throughout, minor deduction for mixed camelCase/snake_case in some tool references","Lines 12, 28, 44"
Correctness,Internal Consistency AAVA 2.0,100,N/A,100,"Fully consistent field naming and structure with improved standardization","Entire file"
Deductions,Structural Changes,N/A,N/A,N/A,"5-point deduction for workflow field rename (workflowId/workflowName to workFlowDetail)","Line 2-3 (AAVA 1.0) vs Lines 2-4 (AAVA 2.0)"
Deductions,Agent Structure Changes,N/A,N/A,N/A,"10-point deduction for significant agent structure reorganization (task object removal, field renames)","Lines 8-50 (both files)"
Deductions,Tool Reference Changes,N/A,N/A,N/A,"5-point deduction for tools array to toolReferences array change","Lines 12, 28, 44 (AAVA 1.0) vs corresponding lines (AAVA 2.0)"
Deductions,Model Field Changes,N/A,N/A,N/A,"3-point deduction for model to modelDeploymentName field rename","Lines 11, 27, 43 (AAVA 1.0) vs corresponding lines (AAVA 2.0)"
Additions,Enhanced Metadata,N/A,N/A,N/A,"AAVA 2.0 adds workflow ID (2147), agent IDs (3885, 3474, 3545), and model versioning (gpt-4.1)","Lines 3, 9, 26, 41 (AAVA 2.0)"
Additions,Improved Organization,N/A,N/A,N/A,"AAVA 2.0 introduces workFlowDetail nested object for better metadata organization","Lines 2-5 (AAVA 2.0)"
Modifications,Field Renames,N/A,N/A,N/A,"Multiple field renames: workflowName→name, agentName→name, model→modelDeploymentName, tools→toolReferences","Various lines in both files"
Modifications,Structure Flattening,N/A,N/A,N/A,"AAVA 2.0 flattens agent structure by removing task wrapper and moving description to agent level","Lines 8-50 (both files)"
Risk Assessment,Breaking Changes,N/A,N/A,N/A,"Medium risk: Field renames and structure changes require code updates in dependent systems","Multiple locations"
Risk Assessment,Data Migration,N/A,N/A,N/A,"Low risk: All semantic content preserved, migration involves structural transformation only","Entire comparison"
Risk Assessment,Backward Compatibility,N/A,N/A,N/A,"High risk: Direct field access will break due to renames and structural changes","Field mapping required"
Recommendations,Migration Strategy,N/A,N/A,N/A,"Implement gradual migration with field mapping layer to maintain backward compatibility during transition","Implementation guidance"
Recommendations,Validation Testing,N/A,N/A,N/A,"Comprehensive testing of all dependent systems required before production deployment","Testing strategy"
Recommendations,Documentation Updates,N/A,N/A,N/A,"Update all API documentation and integration guides to reflect new field names and structure","Documentation requirements"